id,target
c0f722661,-1.8820536615994403
f0953f0a5,-0.3193392067515466
0df072751,-0.12792198484783746
04caf4e0c,-1.7975096047364145
0e63f8bea,-1.3948309057906858
12537fe78,-0.4640727415122662
965e592c0,0.15440772657030077
